Workbook

Sheet players
A1: player_id | B1: player_name | C1: nba_team | D1: position | E1: pts | F1: trb | G1: ast | H1: stl | I1: blk | J1: three_p | K1: tov | L1: status | M1: fantasy_value
A2: 1 | B2: Nikola Jokić | D2: C | E2: 27.7 | F2: 12.9 | G2: 10.7 | H2: 1.4 | I2: 0.8 | J2: 1.7 | K2: 3.7
A3: 2 | B3: Karl-Anthony Towns | D3: C | E3: 20.1 | F3: 11.9 | G3: 3 | H3: 0.9 | I3: 0.5 | J3: 1.5 | K3: 2.5
A4: 3 | B4: Donovan Clingan | D4: C | E4: 12.1 | F4: 11.6 | G4: 2.1 | H4: 0.6 | I4: 1.7 | J4: 1.1 | K4: 1.2
A5: 4 | B5: Victor Wembanyama | D5: C | E5: 25 | F5: 11.5 | G5: 3.1 | H5: 1 | I5: 3.1 | J5: 1.9 | K5: 2.4
A6: 5 | B6: Rudy Gobert | D6: C | E6: 10.9 | F6: 11.5 | G6: 1.7 | H6: 0.8 | I6: 1.6 | J6: 0 | K6: 1.4
A7: 6 | B7: Domantas Sabonis | D7: C | E7: 15.8 | F7: 11.4 | G7: 4.1 | H7: 0.9 | I7: 0.2 | J7: 0.3 | K7: 2.7
A8: 7 | B8: Anthony Davis | D8: PF | E8: 25 | F8: 12 | G8: 3 | H8: 1.2 | I8: 2.3 | J8: 0.5 | K8: 2.3
A9: 8 | B9: Zach Edey | D9: C | E9: 13.6 | F9: 11.1 | G9: 1.1 | H9: 0.6 | I9: 1.9 | J9: 0.1 | K9: 2.4
A10: 9 | B10: Walker Kessler | D10: C | E10: 14.4 | F10: 10.8 | G10: 3 | H10: 1.4 | I10: 1.8 | J10: 1.2 | K10: 3.2
A11: 10 | B11: Ivica Zubac | D11: C | E11: 14.1 | F11: 10.6 | G11: 2.2 | H11: 0.4 | I11: 0.8 | J11: 0 | K11: 1.8
A12: 11 | B12: Jalen Duren | D12: C | E12: 19.5 | F12: 10.5 | G12: 2 | H12: 0.8 | I12: 0.8 | J12: 0 | K12: 1.9
A13: 12 | B13: Julian Reese | D13: PF | E13: 11.8 | F13: 10.5 | G13: 1.8 | H13: 1.4 | I13: 0.6 | J13: 0 | K13: 2.5
... A409: 408 | B409: Keaton Wagler | D409: PG | E409: 16 | F409: 3.3 | G409: 2.8 | H409: 0.2 | I409: 0.2 | J409: 2 | K409: 2.3

Sheet teams
A1: team_id | B1: team_name | C1: manager_name | D1: pts_avg | E1: trb_avg | F1: ast_avg | G1: stl_avg | H1: blk_avg | I1: three_p_avg | J1: tov_avg | K1: matchup_win_avg
A2: 1 | B2: BlackBears
A3: 2 | B3: Celtics
A4: 3 | B4: Nuggets
A5: 4 | B5: Rabbits
A6: 5 | B6: Gema
A7: 6 | B7: Barons
A8: 7 | B8: Turtles
A9: 8 | B9: Dancers
A10: 9 | B10: Heat
A11: 10 | B11: Vikings
A12: 11 | B12: Pharynx
A13: 12 | B13: Diamonds
... A15: 14 | B15: Peleia

Sheet lineup_active
A1: team_id | B1: player_id | C1: slot | D1: is_active | E1: scenario_id
A2: 7 | B2: 7 | C2: PF | D2: 1 | F2: =VLOOKUP(B2,players!A:B,2) -> Anthony Davis
A3: 7 | B3: 20 | C3: C | D3: 1 | F3: =VLOOKUP(B3,players!A:B,2) -> Kel'el Ware
A4: 7 | B4: 59 | C4: SF | D4: 1 | F4: =VLOOKUP(B4,players!A:B,2) -> Dyson Daniels
A5: 7 | B5: 247 | C5: PG | D5: 1 | F5: =VLOOKUP(B5,players!A:B,2) -> Ja Morant
A6: 7 | B6: 40 | C6: UTIL | D6: 1 | F6: =VLOOKUP(B6,players!A:B,2) -> Scottie Barnes
A7: 7 | B7: 102 | C7: SG | D7: 1 | F7: =VLOOKUP(B7,players!A:B,2) -> Dejounte Murray
A8: 1 | B8: 39 | C8: C | D8: 1 | F8: =VLOOKUP(B8,players!A:B,2) -> Onyeka Okongwu
A9: 1 | B9: 78 | C9: PF | D9: 1 | F9: =VLOOKUP(B9,players!A:B,2) -> Matas Buzelis
A10: 1 | B10: 407 | C10: SG | D10: 1 | F10: =VLOOKUP(B10,players!A:B,2) -> Darryn Peterson
A11: 1 | B11: 176 | C11: PG | D11: 1 | F11: =VLOOKUP(B11,players!A:B,2) -> Tyrese Maxey
A12: 1 | B12: 408 | C12: UTIL | D12: 1 | F12: =VLOOKUP(B12,players!A:B,2) -> Keaton Wagler
A13: 1 | B13: 128 | C13: SF | D13: 1 | F13: =VLOOKUP(B13,players!A:B,2) -> Anthony Edwards
... A85: 14 | B85: 145 | C85: PG | D85: 1 | F85: =VLOOKUP(B85,players!A:B,2) -> LaMelo Ball

Sheet bench
A1: team_id | B1: player_id | C1: bench_order | D1: scenario_id
A2: 7 | B2: 204 | C2: 1
A3: 7 | B3: 196 | C3: 2
A4: 7 | B4: 147 | C4: 3
A5: 7 | B5: 130 | C5: 4
A6: 7 | B6: 50 | C6: 5
A7: 7 | B7: 51 | C7: 6
A8: 7 | B8: 178 | C8: 7
A9: 1 | B9: 324 | C9: 1
A10: 1 | B10: 314 | C10: 2
A11: 1 | B11: 172 | C11: 3
A12: 1 | B12: 146 | C12: 4
A13: 1 | B13: 180 | C13: 5
... A86: 14 | B86: 121 | C86: 6

Sheet scenarios
A1: scenario_id | B1: scenario_name | C1: team_id | D1: move_type | E1: description | F1: created_at | G1: is_active

Sheet scenario_lineup_active
A1: scenario_id | B1: team_id | C1: player_id | D1: slot

Sheet scenario_bench
A1: scenario_id | B1: team_id | C1: player_id | D1: bench_order

Sheet scenario_moves
A1: scenario_id | B1: move_id | C1: move_type | D1: player_out_id | E1: player_in_id | F1: timestamp | G1: notes
